{"cameraMode":{"drawMode":0,"name":"Shaded","section":"Shading Mode"},"sceneLighting":false,"audioPlay":false,"sceneViewState":{"showFog":true,"showMaterialUpdate":false,"showSkybox":false,"showFlares":true,"showImageEffects":true,"showParticleSystems":true,"showVisualEffectGraphs":true,"m_FxEnabled":true},"in2DMode":false,"pivot":{"x":15.083089828491211,"y":12.797585487365723,"z":-0.6261181235313416},"rotation":{"x":0.15694819390773774,"y":-0.6749414801597595,"z":0.15022221207618714,"w":0.7051688432693481},"size":0.000017320508050033823,"orthographic":false}