{"cameraMode":{"drawMode":0,"name":"Shaded","section":"Shading Mode"},"sceneLighting":false,"audioPlay":false,"sceneViewState":{"showFog":true,"showMaterialUpdate":false,"showSkybox":false,"showFlares":true,"showImageEffects":true,"showParticleSystems":true,"showVisualEffectGraphs":true,"m_FxEnabled":true},"in2DMode":false,"pivot":{"x":0.0000017881393432617188,"y":1.4133654832839966,"z":-0.07679980993270874},"rotation":{"x":-0.03328314051032066,"y":0.03506936505436897,"z":-0.0011655752314254642,"w":-0.9988427758216858},"size":2.2414629459381105,"orthographic":false}