{"cameraMode":{"drawMode":0,"name":"Shaded","section":"Shading Mode"},"sceneLighting":false,"audioPlay":false,"sceneViewState":{"showFog":true,"showMaterialUpdate":false,"showSkybox":false,"showFlares":true,"showImageEffects":true,"showParticleSystems":true,"showVisualEffectGraphs":true,"m_FxEnabled":true},"in2DMode":false,"pivot":{"x":-0.05093977600336075,"y":0.3728296458721161,"z":0.9801618456840515},"rotation":{"x":0.09287025779485703,"y":-0.0024247216060757639,"z":-0.00014893527259118855,"w":0.9957231879234314},"size":1.8500529527664185,"orthographic":false}