{"cameraMode":{"drawMode":0,"name":"Shaded","section":"Shading Mode"},"sceneLighting":false,"audioPlay":false,"sceneViewState":{"showFog":true,"showMaterialUpdate":false,"showSkybox":false,"showFlares":true,"showImageEffects":true,"showParticleSystems":true,"showVisualEffectGraphs":true,"m_FxEnabled":true},"in2DMode":false,"pivot":{"x":0.9925972819328308,"y":1.5079559087753297,"z":1.5922890901565552},"rotation":{"x":-0.0020277092698961498,"y":0.965805172920227,"z":-0.007541446015238762,"w":-0.25920215249061587},"size":2.2414629459381105,"orthographic":false}