{"cameraMode":{"drawMode":0,"name":"Shaded","section":"Shading Mode"},"sceneLighting":false,"audioPlay":false,"sceneViewState":{"showFog":true,"showMaterialUpdate":false,"showSkybox":false,"showFlares":true,"showImageEffects":true,"showParticleSystems":true,"showVisualEffectGraphs":true,"m_FxEnabled":true},"in2DMode":false,"pivot":{"x":-3.6832520961761476,"y":5.891341209411621,"z":-14.380902290344239},"rotation":{"x":0.11842169612646103,"y":0.14541804790496827,"z":-0.017533646896481515,"w":0.9821033477783203},"size":0.000017320508050033823,"orthographic":false}