{"cameraMode":{"drawMode":0,"name":"Shaded","section":"Shading Mode"},"sceneLighting":false,"audioPlay":false,"sceneViewState":{"showFog":true,"showMaterialUpdate":false,"showSkybox":false,"showFlares":true,"showImageEffects":true,"showParticleSystems":true,"showVisualEffectGraphs":true,"m_FxEnabled":true},"in2DMode":false,"pivot":{"x":9.097487449645996,"y":0.9598397612571716,"z":27.825803756713868},"rotation":{"x":0.11891468614339829,"y":0.11441478133201599,"z":-0.013796011917293072,"w":0.9861947894096375},"size":2.8945932388305666,"orthographic":false}