{"cameraMode":{"drawMode":0,"name":"Shaded","section":"Shading Mode"},"sceneLighting":false,"audioPlay":false,"sceneViewState":{"showFog":true,"showMaterialUpdate":false,"showSkybox":false,"showFlares":true,"showImageEffects":true,"showParticleSystems":true,"showVisualEffectGraphs":true,"m_FxEnabled":true},"in2DMode":false,"pivot":{"x":14.028871536254883,"y":1.7880754470825196,"z":-3.9347078800201418},"rotation":{"x":0.07608518749475479,"y":-0.6352721452713013,"z":0.06309166550636292,"w":0.7659615874290466},"size":1.8537834882736207,"orthographic":false}