{"cameraMode":{"drawMode":0,"name":"Shaded","section":"Shading Mode"},"sceneLighting":false,"audioPlay":false,"sceneViewState":{"showFog":true,"showMaterialUpdate":false,"showSkybox":false,"showFlares":true,"showImageEffects":true,"showParticleSystems":true,"showVisualEffectGraphs":true,"m_FxEnabled":true},"in2DMode":false,"pivot":{"x":0.17162185907363892,"y":0.41338372230529787,"z":0.48724794387817385},"rotation":{"x":-0.16314776241779328,"y":0.12894031405448914,"z":-0.021509474143385888,"w":-0.9779165387153626},"size":1.8000173568725587,"orthographic":false}