{"cameraMode":{"drawMode":0,"name":"Shaded","section":"Shading Mode"},"sceneLighting":false,"audioPlay":false,"sceneViewState":{"showFog":true,"showMaterialUpdate":false,"showSkybox":false,"showFlares":true,"showImageEffects":true,"showParticleSystems":true,"showVisualEffectGraphs":true,"m_FxEnabled":true},"in2DMode":false,"pivot":{"x":-0.7718281149864197,"y":0.060066383332014087,"z":-0.6514622569084168},"rotation":{"x":0.1285211145877838,"y":-0.04312478005886078,"z":0.005594305694103241,"w":0.9907535314559937},"size":1.3044179677963257,"orthographic":false}