{"cameraMode":{"drawMode":0,"name":"Shaded","section":"Shading Mode"},"sceneLighting":false,"audioPlay":false,"sceneViewState":{"showFog":true,"showMaterialUpdate":false,"showSkybox":false,"showFlares":true,"showImageEffects":true,"showParticleSystems":true,"showVisualEffectGraphs":true,"m_FxEnabled":true},"in2DMode":false,"pivot":{"x":3.8262534141540529,"y":1.311029076576233,"z":1.0062202215194703},"rotation":{"x":-0.06405238062143326,"y":0.8780545592308044,"z":-0.12274745851755142,"w":-0.45811501145362856},"size":1.0975133180618287,"orthographic":false}