{"cameraMode":{"drawMode":0,"name":"Shaded","section":"Shading Mode"},"sceneLighting":true,"audioPlay":false,"sceneViewState":{"showFog":true,"showMaterialUpdate":false,"showSkybox":true,"showFlares":true,"showImageEffects":true,"showParticleSystems":true,"showVisualEffectGraphs":true,"m_FxEnabled":true},"in2DMode":false,"pivot":{"x":11.491923332214356,"y":1.4578557014465333,"z":4.1451826095581059},"rotation":{"x":0.10999652743339539,"y":0.6081027388572693,"z":-0.08557280153036118,"w":0.7816182971000671},"size":12.12435531616211,"orthographic":false}