{"cameraMode":{"drawMode":0,"name":"Shaded","section":"Shading Mode"},"sceneLighting":false,"audioPlay":false,"sceneViewState":{"showFog":true,"showMaterialUpdate":false,"showSkybox":false,"showFlares":true,"showImageEffects":true,"showParticleSystems":true,"showVisualEffectGraphs":true,"m_FxEnabled":true},"in2DMode":false,"pivot":{"x":1.3614816665649415,"y":1.0754328966140748,"z":0.4342263638973236},"rotation":{"x":-0.03497179597616196,"y":-0.7553355693817139,"z":0.04032411798834801,"w":-0.6532703638076782},"size":2.0089478492736818,"orthographic":false}