{"cameraMode":{"drawMode":0,"name":"Shaded","section":"Shading Mode"},"sceneLighting":true,"audioPlay":false,"sceneViewState":{"showFog":true,"showMaterialUpdate":false,"showSkybox":true,"showFlares":true,"showImageEffects":true,"showParticleSystems":true,"showVisualEffectGraphs":true,"m_FxEnabled":true},"in2DMode":false,"pivot":{"x":2.093310832977295,"y":-20.410125732421876,"z":-26.246950149536134},"rotation":{"x":-0.013985559344291687,"y":-0.9367728233337402,"z":0.3477935492992401,"w":-0.03734767436981201},"size":22.694232940673829,"orthographic":false}