{"cameraMode":{"drawMode":0,"name":"Shaded","section":"Shading Mode"},"sceneLighting":true,"audioPlay":false,"sceneViewState":{"showFog":true,"showMaterialUpdate":false,"showSkybox":true,"showFlares":true,"showImageEffects":true,"showParticleSystems":true,"showVisualEffectGraphs":true,"m_FxEnabled":true},"in2DMode":false,"pivot":{"x":-1.236167550086975,"y":-3.686436176300049,"z":14.684131622314454},"rotation":{"x":-0.3804231882095337,"y":-0.016093647107481958,"z":0.006617264356464148,"w":-0.9246657490730286},"size":12.461819648742676,"orthographic":false}