{"cameraMode":{"drawMode":0,"name":"Shaded","section":"Shading Mode"},"sceneLighting":false,"audioPlay":false,"sceneViewState":{"showFog":true,"showMaterialUpdate":false,"showSkybox":false,"showFlares":true,"showImageEffects":true,"showParticleSystems":true,"showVisualEffectGraphs":true,"m_FxEnabled":true},"in2DMode":false,"pivot":{"x":0.06729984283447266,"y":-0.1285334825515747,"z":-0.3443140983581543},"rotation":{"x":0.25759458541870119,"y":-0.25009477138519289,"z":0.06921568512916565,"w":0.9307572245597839},"size":1.160474181175232,"orthographic":false}