{"cameraMode":{"drawMode":0,"name":"Shaded","section":"Shading Mode"},"sceneLighting":false,"audioPlay":false,"sceneViewState":{"showFog":true,"showMaterialUpdate":false,"showSkybox":false,"showFlares":true,"showImageEffects":true,"showParticleSystems":true,"showVisualEffectGraphs":true,"m_FxEnabled":true},"in2DMode":false,"pivot":{"x":-0.1294316202402115,"y":0.5566136240959168,"z":0.6072103977203369},"rotation":{"x":0.5346752405166626,"y":0.04179447144269943,"z":-0.026487139984965326,"w":0.8436098694801331},"size":1.0428719520568848,"orthographic":false}