{"cameraMode":{"drawMode":0,"name":"Shaded","section":"Shading Mode"},"sceneLighting":false,"audioPlay":false,"sceneViewState":{"showFog":true,"showMaterialUpdate":false,"showSkybox":false,"showFlares":true,"showImageEffects":true,"showParticleSystems":true,"showVisualEffectGraphs":true,"m_FxEnabled":true},"in2DMode":false,"pivot":{"x":0.09730762243270874,"y":0.25255826115608218,"z":-0.22128526866436006},"rotation":{"x":-0.1000763550400734,"y":-0.07249020040035248,"z":0.0071893115527927879,"w":-0.9923539757728577},"size":0.9750059843063355,"orthographic":false}