{"cameraMode":{"drawMode":0,"name":"Shaded","section":"Shading Mode"},"sceneLighting":false,"audioPlay":false,"sceneViewState":{"showFog":true,"showMaterialUpdate":false,"showSkybox":false,"showFlares":true,"showImageEffects":true,"showParticleSystems":true,"showVisualEffectGraphs":true,"m_FxEnabled":true},"in2DMode":false,"pivot":{"x":-0.11021585762500763,"y":0.4820261001586914,"z":-0.5312252044677734},"rotation":{"x":0.09703800082206726,"y":-0.07903915643692017,"z":0.007730764802545309,"w":0.9921079277992249},"size":1.0725085735321046,"orthographic":false}