{"cameraMode":{"drawMode":0,"name":"Shaded","section":"Shading Mode"},"sceneLighting":false,"audioPlay":false,"sceneViewState":{"showFog":true,"showMaterialUpdate":false,"showSkybox":false,"showFlares":true,"showImageEffects":true,"showParticleSystems":true,"showVisualEffectGraphs":true,"m_FxEnabled":true},"in2DMode":false,"pivot":{"x":-0.2668642997741699,"y":0.9005084037780762,"z":0.47498488426208498},"rotation":{"x":0.09413129091262818,"y":0.06622253358364105,"z":-0.006636568810790777,"w":0.9933823943138123},"size":1.985203504562378,"orthographic":false}