{"cameraMode":{"drawMode":0,"name":"Shaded","section":"Shading Mode"},"sceneLighting":false,"audioPlay":false,"sceneViewState":{"showFog":true,"showMaterialUpdate":false,"showSkybox":false,"showFlares":true,"showImageEffects":true,"showParticleSystems":true,"showVisualEffectGraphs":true,"m_FxEnabled":true},"in2DMode":false,"pivot":{"x":2.188953161239624,"y":1.1258256435394288,"z":3.5429270267486574},"rotation":{"x":-0.020608939230442048,"y":0.951231837272644,"z":-0.06517388671636582,"w":-0.30082544684410097},"size":0.000017320508050033823,"orthographic":false}