{"cameraMode":{"drawMode":0,"name":"Shaded","section":"Shading Mode"},"sceneLighting":false,"audioPlay":false,"sceneViewState":{"showFog":true,"showMaterialUpdate":false,"showSkybox":false,"showFlares":true,"showImageEffects":true,"showParticleSystems":true,"showVisualEffectGraphs":true,"m_FxEnabled":true},"in2DMode":false,"pivot":{"x":0.6589213609695435,"y":3.3536813259124758,"z":1.903536081314087},"rotation":{"x":-0.04586387053132057,"y":0.9443512558937073,"z":-0.28934013843536379,"w":-0.14968743920326234},"size":2.2276062965393068,"orthographic":false}