{"cameraMode":{"drawMode":0,"name":"Shaded","section":"Shading Mode"},"sceneLighting":false,"audioPlay":false,"sceneViewState":{"showFog":true,"showMaterialUpdate":false,"showSkybox":false,"showFlares":true,"showImageEffects":true,"showParticleSystems":true,"showVisualEffectGraphs":true,"m_FxEnabled":true},"in2DMode":false,"pivot":{"x":-0.09679417312145233,"y":0.8718052506446838,"z":1.520752191543579},"rotation":{"x":-0.0008760988712310791,"y":0.9952100515365601,"z":-0.09734164923429489,"w":-0.008957135491073132},"size":1.750356912612915,"orthographic":false}