{"cameraMode":{"drawMode":0,"name":"Shaded","section":"Shading Mode"},"sceneLighting":false,"audioPlay":false,"sceneViewState":{"showFog":true,"showMaterialUpdate":false,"showSkybox":false,"showFlares":true,"showImageEffects":true,"showParticleSystems":true,"showVisualEffectGraphs":true,"m_FxEnabled":true},"in2DMode":false,"pivot":{"x":1.081235408782959,"y":-0.14228743314743043,"z":-1.0603421926498414},"rotation":{"x":0.09885848313570023,"y":-0.49149778485298159,"z":0.05627433955669403,"w":0.8634176254272461},"size":2.060474157333374,"orthographic":false}