{"cameraMode":{"drawMode":0,"name":"Shaded","section":"Shading Mode"},"sceneLighting":true,"audioPlay":false,"sceneViewState":{"showFog":true,"showMaterialUpdate":false,"showSkybox":true,"showFlares":true,"showImageEffects":true,"showParticleSystems":true,"showVisualEffectGraphs":true,"m_FxEnabled":true},"in2DMode":false,"pivot":{"x":0.6409698724746704,"y":5.561357021331787,"z":-2.201949119567871},"rotation":{"x":0.17487336695194245,"y":-0.019203344359993936,"z":0.003412165679037571,"w":0.9844067096710205},"size":10.920249938964844,"orthographic":false}