{"cameraMode":{"drawMode":0,"name":"Shaded","section":"Shading Mode"},"sceneLighting":true,"audioPlay":false,"sceneViewState":{"showFog":true,"showMaterialUpdate":false,"showSkybox":true,"showFlares":true,"showImageEffects":true,"showParticleSystems":true,"showVisualEffectGraphs":true,"m_FxEnabled":true},"in2DMode":false,"pivot":{"x":5.087517738342285,"y":3.5918569564819338,"z":-7.690709114074707},"rotation":{"x":0.08539307117462158,"y":0.010462049394845963,"z":-0.0008868468576110899,"w":0.996308445930481},"size":0.6000173687934876,"orthographic":false}