{"cameraMode":{"drawMode":0,"name":"Shaded","section":"Shading Mode"},"sceneLighting":false,"audioPlay":false,"sceneViewState":{"showFog":true,"showMaterialUpdate":false,"showSkybox":false,"showFlares":true,"showImageEffects":true,"showParticleSystems":true,"showVisualEffectGraphs":true,"m_FxEnabled":true},"in2DMode":false,"pivot":{"x":-0.4315265417098999,"y":1.3522608280181885,"z":0.08393850922584534},"rotation":{"x":0.021307455375790597,"y":0.0059936451725661758,"z":-0.00012715243792627007,"w":0.9997620582580566},"size":1.469375491142273,"orthographic":false}