{"cameraMode":{"drawMode":0,"name":"Shaded","section":"Shading Mode"},"sceneLighting":false,"audioPlay":false,"sceneViewState":{"showFog":true,"showMaterialUpdate":false,"showSkybox":false,"showFlares":true,"showImageEffects":true,"showParticleSystems":true,"showVisualEffectGraphs":true,"m_FxEnabled":true},"in2DMode":false,"pivot":{"x":12.83311653137207,"y":8.281221389770508,"z":3.8031601905822756},"rotation":{"x":0.06654806435108185,"y":-0.8337721228599548,"z":0.10307388752698899,"w":0.538307785987854},"size":0.000017320508050033823,"orthographic":false}